AvaliaMultMatrizes.java,ds.AvaliaMultMatrizes,org.pitest.mutationtest.engine.gregor.mutators.ConditionalsBoundaryMutator,multmatrize,10,NO_COVERAGE,none
AvaliaMultMatrizes.java,ds.AvaliaMultMatrizes,org.pitest.mutationtest.engine.gregor.mutators.ConditionalsBoundaryMutator,multmatrize,11,NO_COVERAGE,none
AvaliaMultMatrizes.java,ds.AvaliaMultMatrizes,org.pitest.mutationtest.engine.gregor.mutators.ConditionalsBoundaryMutator,multmatrize,12,NO_COVERAGE,none
AvaliaMultMatrizes.java,ds.AvaliaMultMatrizes,org.pitest.mutationtest.engine.gregor.mutators.ConditionalsBoundaryMutator,multmatrize,15,NO_COVERAGE,none
AvaliaMultMatrizes.java,ds.AvaliaMultMatrizes,org.pitest.mutationtest.engine.gregor.mutators.ConditionalsBoundaryMutator,multmatrize,17,NO_COVERAGE,none
AvaliaMultMatrizes.java,ds.AvaliaMultMatrizes,org.pitest.mutationtest.engine.gregor.mutators.ConstructorCallMutator,multmatrize,19,NO_COVERAGE,none
AvaliaMultMatrizes.java,ds.AvaliaMultMatrizes,org.pitest.mutationtest.engine.gregor.mutators.IncrementsMutator,multmatrize,10,NO_COVERAGE,none
AvaliaMultMatrizes.java,ds.AvaliaMultMatrizes,org.pitest.mutationtest.engine.gregor.mutators.IncrementsMutator,multmatrize,15,NO_COVERAGE,none
AvaliaMultMatrizes.java,ds.AvaliaMultMatrizes,org.pitest.mutationtest.engine.gregor.mutators.IncrementsMutator,multmatrize,12,NO_COVERAGE,none
AvaliaMultMatrizes.java,ds.AvaliaMultMatrizes,org.pitest.mutationtest.engine.gregor.mutators.IncrementsMutator,multmatrize,11,NO_COVERAGE,none
AvaliaMultMatrizes.java,ds.AvaliaMultMatrizes,org.pitest.mutationtest.engine.gregor.mutators.InlineConstantMutator,multmatrize,6,NO_COVERAGE,none
AvaliaMultMatrizes.java,ds.AvaliaMultMatrizes,org.pitest.mutationtest.engine.gregor.mutators.InlineConstantMutator,multmatrize,10,NO_COVERAGE,none
AvaliaMultMatrizes.java,ds.AvaliaMultMatrizes,org.pitest.mutationtest.engine.gregor.mutators.InlineConstantMutator,multmatrize,10,NO_COVERAGE,none
AvaliaMultMatrizes.java,ds.AvaliaMultMatrizes,org.pitest.mutationtest.engine.gregor.mutators.InlineConstantMutator,multmatrize,11,NO_COVERAGE,none
AvaliaMultMatrizes.java,ds.AvaliaMultMatrizes,org.pitest.mutationtest.engine.gregor.mutators.InlineConstantMutator,multmatrize,12,NO_COVERAGE,none
AvaliaMultMatrizes.java,ds.AvaliaMultMatrizes,org.pitest.mutationtest.engine.gregor.mutators.InlineConstantMutator,multmatrize,14,NO_COVERAGE,none
AvaliaMultMatrizes.java,ds.AvaliaMultMatrizes,org.pitest.mutationtest.engine.gregor.mutators.InlineConstantMutator,multmatrize,14,NO_COVERAGE,none
AvaliaMultMatrizes.java,ds.AvaliaMultMatrizes,org.pitest.mutationtest.engine.gregor.mutators.InlineConstantMutator,multmatrize,14,NO_COVERAGE,none
AvaliaMultMatrizes.java,ds.AvaliaMultMatrizes,org.pitest.mutationtest.engine.gregor.mutators.InlineConstantMutator,multmatrize,16,NO_COVERAGE,none
AvaliaMultMatrizes.java,ds.AvaliaMultMatrizes,org.pitest.mutationtest.engine.gregor.mutators.InlineConstantMutator,multmatrize,16,NO_COVERAGE,none
AvaliaMultMatrizes.java,ds.AvaliaMultMatrizes,org.pitest.mutationtest.engine.gregor.mutators.InlineConstantMutator,multmatrize,16,NO_COVERAGE,none
AvaliaMultMatrizes.java,ds.AvaliaMultMatrizes,org.pitest.mutationtest.engine.gregor.mutators.InlineConstantMutator,multmatrize,16,NO_COVERAGE,none
AvaliaMultMatrizes.java,ds.AvaliaMultMatrizes,org.pitest.mutationtest.engine.gregor.mutators.InlineConstantMutator,multmatrize,17,NO_COVERAGE,none
AvaliaMultMatrizes.java,ds.AvaliaMultMatrizes,org.pitest.mutationtest.engine.gregor.mutators.InlineConstantMutator,multmatrize,17,NO_COVERAGE,none
AvaliaMultMatrizes.java,ds.AvaliaMultMatrizes,org.pitest.mutationtest.engine.gregor.mutators.InlineConstantMutator,multmatrize,17,NO_COVERAGE,none
AvaliaMultMatrizes.java,ds.AvaliaMultMatrizes,org.pitest.mutationtest.engine.gregor.mutators.InlineConstantMutator,multmatrize,17,NO_COVERAGE,none
AvaliaMultMatrizes.java,ds.AvaliaMultMatrizes,org.pitest.mutationtest.engine.gregor.mutators.InlineConstantMutator,multmatrize,19,NO_COVERAGE,none
AvaliaMultMatrizes.java,ds.AvaliaMultMatrizes,org.pitest.mutationtest.engine.gregor.mutators.InlineConstantMutator,multmatrize,19,NO_COVERAGE,none
AvaliaMultMatrizes.java,ds.AvaliaMultMatrizes,org.pitest.mutationtest.engine.gregor.mutators.MathMutator,multmatrize,6,NO_COVERAGE,none
AvaliaMultMatrizes.java,ds.AvaliaMultMatrizes,org.pitest.mutationtest.engine.gregor.mutators.MathMutator,multmatrize,12,NO_COVERAGE,none
AvaliaMultMatrizes.java,ds.AvaliaMultMatrizes,org.pitest.mutationtest.engine.gregor.mutators.MathMutator,multmatrize,13,NO_COVERAGE,none
AvaliaMultMatrizes.java,ds.AvaliaMultMatrizes,org.pitest.mutationtest.engine.gregor.mutators.MathMutator,multmatrize,14,NO_COVERAGE,none
AvaliaMultMatrizes.java,ds.AvaliaMultMatrizes,org.pitest.mutationtest.engine.gregor.mutators.MathMutator,multmatrize,14,NO_COVERAGE,none
AvaliaMultMatrizes.java,ds.AvaliaMultMatrizes,org.pitest.mutationtest.engine.gregor.mutators.MathMutator,multmatrize,16,NO_COVERAGE,none
AvaliaMultMatrizes.java,ds.AvaliaMultMatrizes,org.pitest.mutationtest.engine.gregor.mutators.MathMutator,multmatrize,16,NO_COVERAGE,none
AvaliaMultMatrizes.java,ds.AvaliaMultMatrizes,org.pitest.mutationtest.engine.gregor.mutators.MathMutator,multmatrize,16,NO_COVERAGE,none
AvaliaMultMatrizes.java,ds.AvaliaMultMatrizes,org.pitest.mutationtest.engine.gregor.mutators.MathMutator,multmatrize,16,NO_COVERAGE,none
AvaliaMultMatrizes.java,ds.AvaliaMultMatrizes,org.pitest.mutationtest.engine.gregor.mutators.MathMutator,multmatrize,16,NO_COVERAGE,none
AvaliaMultMatrizes.java,ds.AvaliaMultMatrizes,org.pitest.mutationtest.engine.gregor.mutators.MathMutator,multmatrize,16,NO_COVERAGE,none
AvaliaMultMatrizes.java,ds.AvaliaMultMatrizes,org.pitest.mutationtest.engine.gregor.mutators.MathMutator,multmatrize,16,NO_COVERAGE,none
AvaliaMultMatrizes.java,ds.AvaliaMultMatrizes,org.pitest.mutationtest.engine.gregor.mutators.MathMutator,multmatrize,16,NO_COVERAGE,none
AvaliaMultMatrizes.java,ds.AvaliaMultMatrizes,org.pitest.mutationtest.engine.gregor.mutators.MathMutator,multmatrize,17,NO_COVERAGE,none
AvaliaMultMatrizes.java,ds.AvaliaMultMatrizes,org.pitest.mutationtest.engine.gregor.mutators.MathMutator,multmatrize,17,NO_COVERAGE,none
AvaliaMultMatrizes.java,ds.AvaliaMultMatrizes,org.pitest.mutationtest.engine.gregor.mutators.MathMutator,multmatrize,17,NO_COVERAGE,none
AvaliaMultMatrizes.java,ds.AvaliaMultMatrizes,org.pitest.mutationtest.engine.gregor.mutators.MathMutator,multmatrize,17,NO_COVERAGE,none
AvaliaMultMatrizes.java,ds.AvaliaMultMatrizes,org.pitest.mutationtest.engine.gregor.mutators.MathMutator,multmatrize,19,NO_COVERAGE,none
AvaliaMultMatrizes.java,ds.AvaliaMultMatrizes,org.pitest.mutationtest.engine.gregor.mutators.MathMutator,multmatrize,19,NO_COVERAGE,none
AvaliaMultMatrizes.java,ds.AvaliaMultMatrizes,org.pitest.mutationtest.engine.gregor.mutators.NegateConditionalsMutator,multmatrize,10,NO_COVERAGE,none
AvaliaMultMatrizes.java,ds.AvaliaMultMatrizes,org.pitest.mutationtest.engine.gregor.mutators.NegateConditionalsMutator,multmatrize,11,NO_COVERAGE,none
AvaliaMultMatrizes.java,ds.AvaliaMultMatrizes,org.pitest.mutationtest.engine.gregor.mutators.NegateConditionalsMutator,multmatrize,12,NO_COVERAGE,none
AvaliaMultMatrizes.java,ds.AvaliaMultMatrizes,org.pitest.mutationtest.engine.gregor.mutators.NegateConditionalsMutator,multmatrize,15,NO_COVERAGE,none
AvaliaMultMatrizes.java,ds.AvaliaMultMatrizes,org.pitest.mutationtest.engine.gregor.mutators.NegateConditionalsMutator,multmatrize,17,NO_COVERAGE,none
AvaliaMultMatrizes.java,ds.AvaliaMultMatrizes,org.pitest.mutationtest.engine.gregor.mutators.NonVoidMethodCallMutator,multmatrize,19,NO_COVERAGE,none
AvaliaMultMatrizes.java,ds.AvaliaMultMatrizes,org.pitest.mutationtest.engine.gregor.mutators.NonVoidMethodCallMutator,multmatrize,19,NO_COVERAGE,none
AvaliaMultMatrizes.java,ds.AvaliaMultMatrizes,org.pitest.mutationtest.engine.gregor.mutators.NonVoidMethodCallMutator,multmatrize,19,NO_COVERAGE,none
AvaliaMultMatrizes.java,ds.AvaliaMultMatrizes,org.pitest.mutationtest.engine.gregor.mutators.NonVoidMethodCallMutator,multmatrize,19,NO_COVERAGE,none
AvaliaMultMatrizes.java,ds.AvaliaMultMatrizes,org.pitest.mutationtest.engine.gregor.mutators.NonVoidMethodCallMutator,multmatrize,19,NO_COVERAGE,none
AvaliaMultMatrizes.java,ds.AvaliaMultMatrizes,org.pitest.mutationtest.engine.gregor.mutators.NonVoidMethodCallMutator,multmatrize,19,NO_COVERAGE,none
AvaliaMultMatrizes.java,ds.AvaliaMultMatrizes,org.pitest.mutationtest.engine.gregor.mutators.NonVoidMethodCallMutator,multmatrize,19,NO_COVERAGE,none
AvaliaMultMatrizes.java,ds.AvaliaMultMatrizes,org.pitest.mutationtest.engine.gregor.mutators.RemoveConditionalMutator_ORDER_ELSE,multmatrize,10,NO_COVERAGE,none
AvaliaMultMatrizes.java,ds.AvaliaMultMatrizes,org.pitest.mutationtest.engine.gregor.mutators.RemoveConditionalMutator_ORDER_ELSE,multmatrize,11,NO_COVERAGE,none
AvaliaMultMatrizes.java,ds.AvaliaMultMatrizes,org.pitest.mutationtest.engine.gregor.mutators.RemoveConditionalMutator_ORDER_ELSE,multmatrize,12,NO_COVERAGE,none
AvaliaMultMatrizes.java,ds.AvaliaMultMatrizes,org.pitest.mutationtest.engine.gregor.mutators.RemoveConditionalMutator_ORDER_ELSE,multmatrize,15,NO_COVERAGE,none
AvaliaMultMatrizes.java,ds.AvaliaMultMatrizes,org.pitest.mutationtest.engine.gregor.mutators.RemoveConditionalMutator_ORDER_ELSE,multmatrize,17,NO_COVERAGE,none
AvaliaMultMatrizes.java,ds.AvaliaMultMatrizes,org.pitest.mutationtest.engine.gregor.mutators.RemoveConditionalMutator_ORDER_IF,multmatrize,10,NO_COVERAGE,none
AvaliaMultMatrizes.java,ds.AvaliaMultMatrizes,org.pitest.mutationtest.engine.gregor.mutators.RemoveConditionalMutator_ORDER_IF,multmatrize,11,NO_COVERAGE,none
AvaliaMultMatrizes.java,ds.AvaliaMultMatrizes,org.pitest.mutationtest.engine.gregor.mutators.RemoveConditionalMutator_ORDER_IF,multmatrize,12,NO_COVERAGE,none
AvaliaMultMatrizes.java,ds.AvaliaMultMatrizes,org.pitest.mutationtest.engine.gregor.mutators.RemoveConditionalMutator_ORDER_IF,multmatrize,15,NO_COVERAGE,none
AvaliaMultMatrizes.java,ds.AvaliaMultMatrizes,org.pitest.mutationtest.engine.gregor.mutators.RemoveConditionalMutator_ORDER_IF,multmatrize,17,NO_COVERAGE,none
AvaliaMultMatrizes.java,ds.AvaliaMultMatrizes,org.pitest.mutationtest.engine.gregor.mutators.VoidMethodCallMutator,multmatrize,19,NO_COVERAGE,none
AvaliaMultMatrizes.java,ds.AvaliaMultMatrizes,org.pitest.mutationtest.engine.gregor.mutators.VoidMethodCallMutator,multmatrize,21,NO_COVERAGE,none
AvaliaMultMatrizes.java,ds.AvaliaMultMatrizes,org.pitest.mutationtest.engine.gregor.mutators.experimental.NakedReceiverMutator,multmatrize,19,NO_COVERAGE,none
AvaliaMultMatrizes.java,ds.AvaliaMultMatrizes,org.pitest.mutationtest.engine.gregor.mutators.experimental.NakedReceiverMutator,multmatrize,19,NO_COVERAGE,none
AvaliaMultMatrizes.java,ds.AvaliaMultMatrizes,org.pitest.mutationtest.engine.gregor.mutators.experimental.NakedReceiverMutator,multmatrize,19,NO_COVERAGE,none
AvaliaMultMatrizes.java,ds.AvaliaMultMatrizes,org.pitest.mutationtest.engine.gregor.mutators.experimental.NakedReceiverMutator,multmatrize,19,NO_COVERAGE,none
AvaliaMultMatrizes.java,ds.AvaliaMultMatrizes,org.pitest.mutationtest.engine.gregor.mutators.experimental.NakedReceiverMutator,multmatrize,19,NO_COVERAGE,none
AvaliaMultMatrizes.java,ds.AvaliaMultMatrizes,org.pitest.mutationtest.engine.gregor.mutators.experimental.NakedReceiverMutator,multmatrize,19,NO_COVERAGE,none
AvaliaMultMatrizes.java,ds.AvaliaMultMatrizes,org.pitest.mutationtest.engine.gregor.mutators.experimental.RemoveIncrementsMutator,multmatrize,15,NO_COVERAGE,none
AvaliaMultMatrizes.java,ds.AvaliaMultMatrizes,org.pitest.mutationtest.engine.gregor.mutators.experimental.RemoveIncrementsMutator,multmatrize,11,NO_COVERAGE,none
