CasamentoExato.java,ds.CasamentoExato,org.pitest.mutationtest.engine.gregor.mutators.ConditionalsBoundaryMutator,bmh,29,NO_COVERAGE,none
CasamentoExato.java,ds.CasamentoExato,org.pitest.mutationtest.engine.gregor.mutators.ConditionalsBoundaryMutator,bmh,30,NO_COVERAGE,none
CasamentoExato.java,ds.CasamentoExato,org.pitest.mutationtest.engine.gregor.mutators.ConditionalsBoundaryMutator,bmh,32,NO_COVERAGE,none
CasamentoExato.java,ds.CasamentoExato,org.pitest.mutationtest.engine.gregor.mutators.ConditionalsBoundaryMutator,bmh,34,NO_COVERAGE,none
CasamentoExato.java,ds.CasamentoExato,org.pitest.mutationtest.engine.gregor.mutators.ConditionalsBoundaryMutator,bmh,35,NO_COVERAGE,none
CasamentoExato.java,ds.CasamentoExato,org.pitest.mutationtest.engine.gregor.mutators.ConstructorCallMutator,bmh,36,NO_COVERAGE,none
CasamentoExato.java,ds.CasamentoExato,org.pitest.mutationtest.engine.gregor.mutators.IncrementsMutator,bmh,29,NO_COVERAGE,none
CasamentoExato.java,ds.CasamentoExato,org.pitest.mutationtest.engine.gregor.mutators.IncrementsMutator,bmh,30,NO_COVERAGE,none
CasamentoExato.java,ds.CasamentoExato,org.pitest.mutationtest.engine.gregor.mutators.IncrementsMutator,bmh,34,NO_COVERAGE,none
CasamentoExato.java,ds.CasamentoExato,org.pitest.mutationtest.engine.gregor.mutators.IncrementsMutator,bmh,34,NO_COVERAGE,none
CasamentoExato.java,ds.CasamentoExato,org.pitest.mutationtest.engine.gregor.mutators.InlineConstantMutator,bmh,28,NO_COVERAGE,none
CasamentoExato.java,ds.CasamentoExato,org.pitest.mutationtest.engine.gregor.mutators.InlineConstantMutator,bmh,29,NO_COVERAGE,none
CasamentoExato.java,ds.CasamentoExato,org.pitest.mutationtest.engine.gregor.mutators.InlineConstantMutator,bmh,29,NO_COVERAGE,none
CasamentoExato.java,ds.CasamentoExato,org.pitest.mutationtest.engine.gregor.mutators.InlineConstantMutator,bmh,30,NO_COVERAGE,none
CasamentoExato.java,ds.CasamentoExato,org.pitest.mutationtest.engine.gregor.mutators.InlineConstantMutator,bmh,30,NO_COVERAGE,none
CasamentoExato.java,ds.CasamentoExato,org.pitest.mutationtest.engine.gregor.mutators.InlineConstantMutator,bmh,30,NO_COVERAGE,none
CasamentoExato.java,ds.CasamentoExato,org.pitest.mutationtest.engine.gregor.mutators.InlineConstantMutator,bmh,31,NO_COVERAGE,none
CasamentoExato.java,ds.CasamentoExato,org.pitest.mutationtest.engine.gregor.mutators.InlineConstantMutator,bmh,33,NO_COVERAGE,none
CasamentoExato.java,ds.CasamentoExato,org.pitest.mutationtest.engine.gregor.mutators.InlineConstantMutator,bmh,36,NO_COVERAGE,none
CasamentoExato.java,ds.CasamentoExato,org.pitest.mutationtest.engine.gregor.mutators.MathMutator,bmh,30,NO_COVERAGE,none
CasamentoExato.java,ds.CasamentoExato,org.pitest.mutationtest.engine.gregor.mutators.MathMutator,bmh,30,NO_COVERAGE,none
CasamentoExato.java,ds.CasamentoExato,org.pitest.mutationtest.engine.gregor.mutators.MathMutator,bmh,30,NO_COVERAGE,none
CasamentoExato.java,ds.CasamentoExato,org.pitest.mutationtest.engine.gregor.mutators.MathMutator,bmh,31,NO_COVERAGE,none
CasamentoExato.java,ds.CasamentoExato,org.pitest.mutationtest.engine.gregor.mutators.MathMutator,bmh,33,NO_COVERAGE,none
CasamentoExato.java,ds.CasamentoExato,org.pitest.mutationtest.engine.gregor.mutators.MathMutator,bmh,36,NO_COVERAGE,none
CasamentoExato.java,ds.CasamentoExato,org.pitest.mutationtest.engine.gregor.mutators.MathMutator,bmh,37,NO_COVERAGE,none
CasamentoExato.java,ds.CasamentoExato,org.pitest.mutationtest.engine.gregor.mutators.NegateConditionalsMutator,bmh,29,NO_COVERAGE,none
CasamentoExato.java,ds.CasamentoExato,org.pitest.mutationtest.engine.gregor.mutators.NegateConditionalsMutator,bmh,30,NO_COVERAGE,none
CasamentoExato.java,ds.CasamentoExato,org.pitest.mutationtest.engine.gregor.mutators.NegateConditionalsMutator,bmh,32,NO_COVERAGE,none
CasamentoExato.java,ds.CasamentoExato,org.pitest.mutationtest.engine.gregor.mutators.NegateConditionalsMutator,bmh,34,NO_COVERAGE,none
CasamentoExato.java,ds.CasamentoExato,org.pitest.mutationtest.engine.gregor.mutators.NegateConditionalsMutator,bmh,34,NO_COVERAGE,none
CasamentoExato.java,ds.CasamentoExato,org.pitest.mutationtest.engine.gregor.mutators.NegateConditionalsMutator,bmh,35,NO_COVERAGE,none
CasamentoExato.java,ds.CasamentoExato,org.pitest.mutationtest.engine.gregor.mutators.NonVoidMethodCallMutator,bmh,30,NO_COVERAGE,none
CasamentoExato.java,ds.CasamentoExato,org.pitest.mutationtest.engine.gregor.mutators.NonVoidMethodCallMutator,bmh,34,NO_COVERAGE,none
CasamentoExato.java,ds.CasamentoExato,org.pitest.mutationtest.engine.gregor.mutators.NonVoidMethodCallMutator,bmh,34,NO_COVERAGE,none
CasamentoExato.java,ds.CasamentoExato,org.pitest.mutationtest.engine.gregor.mutators.NonVoidMethodCallMutator,bmh,36,NO_COVERAGE,none
CasamentoExato.java,ds.CasamentoExato,org.pitest.mutationtest.engine.gregor.mutators.NonVoidMethodCallMutator,bmh,36,NO_COVERAGE,none
CasamentoExato.java,ds.CasamentoExato,org.pitest.mutationtest.engine.gregor.mutators.NonVoidMethodCallMutator,bmh,36,NO_COVERAGE,none
CasamentoExato.java,ds.CasamentoExato,org.pitest.mutationtest.engine.gregor.mutators.NonVoidMethodCallMutator,bmh,37,NO_COVERAGE,none
CasamentoExato.java,ds.CasamentoExato,org.pitest.mutationtest.engine.gregor.mutators.RemoveConditionalMutator_EQUAL_ELSE,bmh,34,NO_COVERAGE,none
CasamentoExato.java,ds.CasamentoExato,org.pitest.mutationtest.engine.gregor.mutators.RemoveConditionalMutator_EQUAL_IF,bmh,34,NO_COVERAGE,none
CasamentoExato.java,ds.CasamentoExato,org.pitest.mutationtest.engine.gregor.mutators.RemoveConditionalMutator_ORDER_ELSE,bmh,29,NO_COVERAGE,none
CasamentoExato.java,ds.CasamentoExato,org.pitest.mutationtest.engine.gregor.mutators.RemoveConditionalMutator_ORDER_ELSE,bmh,30,NO_COVERAGE,none
CasamentoExato.java,ds.CasamentoExato,org.pitest.mutationtest.engine.gregor.mutators.RemoveConditionalMutator_ORDER_ELSE,bmh,32,NO_COVERAGE,none
CasamentoExato.java,ds.CasamentoExato,org.pitest.mutationtest.engine.gregor.mutators.RemoveConditionalMutator_ORDER_ELSE,bmh,34,NO_COVERAGE,none
CasamentoExato.java,ds.CasamentoExato,org.pitest.mutationtest.engine.gregor.mutators.RemoveConditionalMutator_ORDER_ELSE,bmh,35,NO_COVERAGE,none
CasamentoExato.java,ds.CasamentoExato,org.pitest.mutationtest.engine.gregor.mutators.RemoveConditionalMutator_ORDER_IF,bmh,29,NO_COVERAGE,none
CasamentoExato.java,ds.CasamentoExato,org.pitest.mutationtest.engine.gregor.mutators.RemoveConditionalMutator_ORDER_IF,bmh,30,NO_COVERAGE,none
CasamentoExato.java,ds.CasamentoExato,org.pitest.mutationtest.engine.gregor.mutators.RemoveConditionalMutator_ORDER_IF,bmh,32,NO_COVERAGE,none
CasamentoExato.java,ds.CasamentoExato,org.pitest.mutationtest.engine.gregor.mutators.RemoveConditionalMutator_ORDER_IF,bmh,34,NO_COVERAGE,none
CasamentoExato.java,ds.CasamentoExato,org.pitest.mutationtest.engine.gregor.mutators.RemoveConditionalMutator_ORDER_IF,bmh,35,NO_COVERAGE,none
CasamentoExato.java,ds.CasamentoExato,org.pitest.mutationtest.engine.gregor.mutators.VoidMethodCallMutator,bmh,36,NO_COVERAGE,none
CasamentoExato.java,ds.CasamentoExato,org.pitest.mutationtest.engine.gregor.mutators.experimental.NakedReceiverMutator,bmh,36,NO_COVERAGE,none
CasamentoExato.java,ds.CasamentoExato,org.pitest.mutationtest.engine.gregor.mutators.experimental.NakedReceiverMutator,bmh,36,NO_COVERAGE,none
CasamentoExato.java,ds.CasamentoExato,org.pitest.mutationtest.engine.gregor.mutators.experimental.RemoveIncrementsMutator,bmh,34,NO_COVERAGE,none
CasamentoExato.java,ds.CasamentoExato,org.pitest.mutationtest.engine.gregor.mutators.experimental.RemoveIncrementsMutator,bmh,34,NO_COVERAGE,none
CasamentoExato.java,ds.CasamentoExato,org.pitest.mutationtest.engine.gregor.mutators.ConditionalsBoundaryMutator,bmhs,43,NO_COVERAGE,none
CasamentoExato.java,ds.CasamentoExato,org.pitest.mutationtest.engine.gregor.mutators.ConditionalsBoundaryMutator,bmhs,44,NO_COVERAGE,none
CasamentoExato.java,ds.CasamentoExato,org.pitest.mutationtest.engine.gregor.mutators.ConditionalsBoundaryMutator,bmhs,46,NO_COVERAGE,none
CasamentoExato.java,ds.CasamentoExato,org.pitest.mutationtest.engine.gregor.mutators.ConditionalsBoundaryMutator,bmhs,48,NO_COVERAGE,none
CasamentoExato.java,ds.CasamentoExato,org.pitest.mutationtest.engine.gregor.mutators.ConditionalsBoundaryMutator,bmhs,49,NO_COVERAGE,none
CasamentoExato.java,ds.CasamentoExato,org.pitest.mutationtest.engine.gregor.mutators.ConstructorCallMutator,bmhs,50,NO_COVERAGE,none
CasamentoExato.java,ds.CasamentoExato,org.pitest.mutationtest.engine.gregor.mutators.IncrementsMutator,bmhs,43,NO_COVERAGE,none
CasamentoExato.java,ds.CasamentoExato,org.pitest.mutationtest.engine.gregor.mutators.IncrementsMutator,bmhs,44,NO_COVERAGE,none
CasamentoExato.java,ds.CasamentoExato,org.pitest.mutationtest.engine.gregor.mutators.IncrementsMutator,bmhs,48,NO_COVERAGE,none
CasamentoExato.java,ds.CasamentoExato,org.pitest.mutationtest.engine.gregor.mutators.IncrementsMutator,bmhs,48,NO_COVERAGE,none
CasamentoExato.java,ds.CasamentoExato,org.pitest.mutationtest.engine.gregor.mutators.InlineConstantMutator,bmhs,42,NO_COVERAGE,none
CasamentoExato.java,ds.CasamentoExato,org.pitest.mutationtest.engine.gregor.mutators.InlineConstantMutator,bmhs,43,NO_COVERAGE,none
CasamentoExato.java,ds.CasamentoExato,org.pitest.mutationtest.engine.gregor.mutators.InlineConstantMutator,bmhs,43,NO_COVERAGE,none
CasamentoExato.java,ds.CasamentoExato,org.pitest.mutationtest.engine.gregor.mutators.InlineConstantMutator,bmhs,43,NO_COVERAGE,none
CasamentoExato.java,ds.CasamentoExato,org.pitest.mutationtest.engine.gregor.mutators.InlineConstantMutator,bmhs,44,NO_COVERAGE,none
CasamentoExato.java,ds.CasamentoExato,org.pitest.mutationtest.engine.gregor.mutators.InlineConstantMutator,bmhs,45,NO_COVERAGE,none
CasamentoExato.java,ds.CasamentoExato,org.pitest.mutationtest.engine.gregor.mutators.InlineConstantMutator,bmhs,47,NO_COVERAGE,none
CasamentoExato.java,ds.CasamentoExato,org.pitest.mutationtest.engine.gregor.mutators.InlineConstantMutator,bmhs,50,NO_COVERAGE,none
CasamentoExato.java,ds.CasamentoExato,org.pitest.mutationtest.engine.gregor.mutators.InlineConstantMutator,bmhs,51,NO_COVERAGE,none
CasamentoExato.java,ds.CasamentoExato,org.pitest.mutationtest.engine.gregor.mutators.InlineConstantMutator,bmhs,51,NO_COVERAGE,none
CasamentoExato.java,ds.CasamentoExato,org.pitest.mutationtest.engine.gregor.mutators.InlineConstantMutator,bmhs,51,NO_COVERAGE,none
CasamentoExato.java,ds.CasamentoExato,org.pitest.mutationtest.engine.gregor.mutators.MathMutator,bmhs,43,NO_COVERAGE,none
CasamentoExato.java,ds.CasamentoExato,org.pitest.mutationtest.engine.gregor.mutators.MathMutator,bmhs,44,NO_COVERAGE,none
CasamentoExato.java,ds.CasamentoExato,org.pitest.mutationtest.engine.gregor.mutators.MathMutator,bmhs,45,NO_COVERAGE,none
CasamentoExato.java,ds.CasamentoExato,org.pitest.mutationtest.engine.gregor.mutators.MathMutator,bmhs,47,NO_COVERAGE,none
CasamentoExato.java,ds.CasamentoExato,org.pitest.mutationtest.engine.gregor.mutators.MathMutator,bmhs,50,NO_COVERAGE,none
CasamentoExato.java,ds.CasamentoExato,org.pitest.mutationtest.engine.gregor.mutators.MathMutator,bmhs,51,NO_COVERAGE,none
CasamentoExato.java,ds.CasamentoExato,org.pitest.mutationtest.engine.gregor.mutators.MathMutator,bmhs,51,NO_COVERAGE,none
CasamentoExato.java,ds.CasamentoExato,org.pitest.mutationtest.engine.gregor.mutators.MathMutator,bmhs,51,NO_COVERAGE,none
CasamentoExato.java,ds.CasamentoExato,org.pitest.mutationtest.engine.gregor.mutators.NegateConditionalsMutator,bmhs,43,NO_COVERAGE,none
CasamentoExato.java,ds.CasamentoExato,org.pitest.mutationtest.engine.gregor.mutators.NegateConditionalsMutator,bmhs,44,NO_COVERAGE,none
CasamentoExato.java,ds.CasamentoExato,org.pitest.mutationtest.engine.gregor.mutators.NegateConditionalsMutator,bmhs,46,NO_COVERAGE,none
CasamentoExato.java,ds.CasamentoExato,org.pitest.mutationtest.engine.gregor.mutators.NegateConditionalsMutator,bmhs,48,NO_COVERAGE,none
CasamentoExato.java,ds.CasamentoExato,org.pitest.mutationtest.engine.gregor.mutators.NegateConditionalsMutator,bmhs,48,NO_COVERAGE,none
CasamentoExato.java,ds.CasamentoExato,org.pitest.mutationtest.engine.gregor.mutators.NegateConditionalsMutator,bmhs,49,NO_COVERAGE,none
CasamentoExato.java,ds.CasamentoExato,org.pitest.mutationtest.engine.gregor.mutators.NegateConditionalsMutator,bmhs,51,NO_COVERAGE,none
CasamentoExato.java,ds.CasamentoExato,org.pitest.mutationtest.engine.gregor.mutators.NonVoidMethodCallMutator,bmhs,44,NO_COVERAGE,none
CasamentoExato.java,ds.CasamentoExato,org.pitest.mutationtest.engine.gregor.mutators.NonVoidMethodCallMutator,bmhs,48,NO_COVERAGE,none
CasamentoExato.java,ds.CasamentoExato,org.pitest.mutationtest.engine.gregor.mutators.NonVoidMethodCallMutator,bmhs,48,NO_COVERAGE,none
CasamentoExato.java,ds.CasamentoExato,org.pitest.mutationtest.engine.gregor.mutators.NonVoidMethodCallMutator,bmhs,50,NO_COVERAGE,none
CasamentoExato.java,ds.CasamentoExato,org.pitest.mutationtest.engine.gregor.mutators.NonVoidMethodCallMutator,bmhs,50,NO_COVERAGE,none
CasamentoExato.java,ds.CasamentoExato,org.pitest.mutationtest.engine.gregor.mutators.NonVoidMethodCallMutator,bmhs,50,NO_COVERAGE,none
CasamentoExato.java,ds.CasamentoExato,org.pitest.mutationtest.engine.gregor.mutators.NonVoidMethodCallMutator,bmhs,51,NO_COVERAGE,none
CasamentoExato.java,ds.CasamentoExato,org.pitest.mutationtest.engine.gregor.mutators.RemoveConditionalMutator_EQUAL_ELSE,bmhs,48,NO_COVERAGE,none
CasamentoExato.java,ds.CasamentoExato,org.pitest.mutationtest.engine.gregor.mutators.RemoveConditionalMutator_EQUAL_ELSE,bmhs,51,NO_COVERAGE,none
CasamentoExato.java,ds.CasamentoExato,org.pitest.mutationtest.engine.gregor.mutators.RemoveConditionalMutator_EQUAL_IF,bmhs,48,NO_COVERAGE,none
CasamentoExato.java,ds.CasamentoExato,org.pitest.mutationtest.engine.gregor.mutators.RemoveConditionalMutator_EQUAL_IF,bmhs,51,NO_COVERAGE,none
CasamentoExato.java,ds.CasamentoExato,org.pitest.mutationtest.engine.gregor.mutators.RemoveConditionalMutator_ORDER_ELSE,bmhs,43,NO_COVERAGE,none
CasamentoExato.java,ds.CasamentoExato,org.pitest.mutationtest.engine.gregor.mutators.RemoveConditionalMutator_ORDER_ELSE,bmhs,44,NO_COVERAGE,none
CasamentoExato.java,ds.CasamentoExato,org.pitest.mutationtest.engine.gregor.mutators.RemoveConditionalMutator_ORDER_ELSE,bmhs,46,NO_COVERAGE,none
CasamentoExato.java,ds.CasamentoExato,org.pitest.mutationtest.engine.gregor.mutators.RemoveConditionalMutator_ORDER_ELSE,bmhs,48,NO_COVERAGE,none
CasamentoExato.java,ds.CasamentoExato,org.pitest.mutationtest.engine.gregor.mutators.RemoveConditionalMutator_ORDER_ELSE,bmhs,49,NO_COVERAGE,none
CasamentoExato.java,ds.CasamentoExato,org.pitest.mutationtest.engine.gregor.mutators.RemoveConditionalMutator_ORDER_IF,bmhs,43,NO_COVERAGE,none
CasamentoExato.java,ds.CasamentoExato,org.pitest.mutationtest.engine.gregor.mutators.RemoveConditionalMutator_ORDER_IF,bmhs,44,NO_COVERAGE,none
CasamentoExato.java,ds.CasamentoExato,org.pitest.mutationtest.engine.gregor.mutators.RemoveConditionalMutator_ORDER_IF,bmhs,46,NO_COVERAGE,none
CasamentoExato.java,ds.CasamentoExato,org.pitest.mutationtest.engine.gregor.mutators.RemoveConditionalMutator_ORDER_IF,bmhs,48,NO_COVERAGE,none
CasamentoExato.java,ds.CasamentoExato,org.pitest.mutationtest.engine.gregor.mutators.RemoveConditionalMutator_ORDER_IF,bmhs,49,NO_COVERAGE,none
CasamentoExato.java,ds.CasamentoExato,org.pitest.mutationtest.engine.gregor.mutators.VoidMethodCallMutator,bmhs,50,NO_COVERAGE,none
CasamentoExato.java,ds.CasamentoExato,org.pitest.mutationtest.engine.gregor.mutators.experimental.NakedReceiverMutator,bmhs,50,NO_COVERAGE,none
CasamentoExato.java,ds.CasamentoExato,org.pitest.mutationtest.engine.gregor.mutators.experimental.NakedReceiverMutator,bmhs,50,NO_COVERAGE,none
CasamentoExato.java,ds.CasamentoExato,org.pitest.mutationtest.engine.gregor.mutators.experimental.RemoveIncrementsMutator,bmhs,48,NO_COVERAGE,none
CasamentoExato.java,ds.CasamentoExato,org.pitest.mutationtest.engine.gregor.mutators.experimental.RemoveIncrementsMutator,bmhs,48,NO_COVERAGE,none
CasamentoExato.java,ds.CasamentoExato,org.pitest.mutationtest.engine.gregor.mutators.ConditionalsBoundaryMutator,forcaBruta,6,NO_COVERAGE,none
CasamentoExato.java,ds.CasamentoExato,org.pitest.mutationtest.engine.gregor.mutators.ConditionalsBoundaryMutator,forcaBruta,8,NO_COVERAGE,none
CasamentoExato.java,ds.CasamentoExato,org.pitest.mutationtest.engine.gregor.mutators.ConstructorCallMutator,forcaBruta,9,NO_COVERAGE,none
CasamentoExato.java,ds.CasamentoExato,org.pitest.mutationtest.engine.gregor.mutators.IncrementsMutator,forcaBruta,8,NO_COVERAGE,none
CasamentoExato.java,ds.CasamentoExato,org.pitest.mutationtest.engine.gregor.mutators.IncrementsMutator,forcaBruta,8,NO_COVERAGE,none
CasamentoExato.java,ds.CasamentoExato,org.pitest.mutationtest.engine.gregor.mutators.IncrementsMutator,forcaBruta,6,NO_COVERAGE,none
CasamentoExato.java,ds.CasamentoExato,org.pitest.mutationtest.engine.gregor.mutators.InlineConstantMutator,forcaBruta,6,NO_COVERAGE,none
CasamentoExato.java,ds.CasamentoExato,org.pitest.mutationtest.engine.gregor.mutators.InlineConstantMutator,forcaBruta,6,NO_COVERAGE,none
CasamentoExato.java,ds.CasamentoExato,org.pitest.mutationtest.engine.gregor.mutators.InlineConstantMutator,forcaBruta,7,NO_COVERAGE,none
CasamentoExato.java,ds.CasamentoExato,org.pitest.mutationtest.engine.gregor.mutators.MathMutator,forcaBruta,6,NO_COVERAGE,none
CasamentoExato.java,ds.CasamentoExato,org.pitest.mutationtest.engine.gregor.mutators.MathMutator,forcaBruta,6,NO_COVERAGE,none
CasamentoExato.java,ds.CasamentoExato,org.pitest.mutationtest.engine.gregor.mutators.NegateConditionalsMutator,forcaBruta,6,NO_COVERAGE,none
CasamentoExato.java,ds.CasamentoExato,org.pitest.mutationtest.engine.gregor.mutators.NegateConditionalsMutator,forcaBruta,8,NO_COVERAGE,none
CasamentoExato.java,ds.CasamentoExato,org.pitest.mutationtest.engine.gregor.mutators.NegateConditionalsMutator,forcaBruta,8,NO_COVERAGE,none
CasamentoExato.java,ds.CasamentoExato,org.pitest.mutationtest.engine.gregor.mutators.NegateConditionalsMutator,forcaBruta,9,NO_COVERAGE,none
CasamentoExato.java,ds.CasamentoExato,org.pitest.mutationtest.engine.gregor.mutators.NonVoidMethodCallMutator,forcaBruta,8,NO_COVERAGE,none
CasamentoExato.java,ds.CasamentoExato,org.pitest.mutationtest.engine.gregor.mutators.NonVoidMethodCallMutator,forcaBruta,8,NO_COVERAGE,none
CasamentoExato.java,ds.CasamentoExato,org.pitest.mutationtest.engine.gregor.mutators.NonVoidMethodCallMutator,forcaBruta,9,NO_COVERAGE,none
CasamentoExato.java,ds.CasamentoExato,org.pitest.mutationtest.engine.gregor.mutators.NonVoidMethodCallMutator,forcaBruta,9,NO_COVERAGE,none
CasamentoExato.java,ds.CasamentoExato,org.pitest.mutationtest.engine.gregor.mutators.NonVoidMethodCallMutator,forcaBruta,9,NO_COVERAGE,none
CasamentoExato.java,ds.CasamentoExato,org.pitest.mutationtest.engine.gregor.mutators.RemoveConditionalMutator_EQUAL_ELSE,forcaBruta,8,NO_COVERAGE,none
CasamentoExato.java,ds.CasamentoExato,org.pitest.mutationtest.engine.gregor.mutators.RemoveConditionalMutator_EQUAL_ELSE,forcaBruta,9,NO_COVERAGE,none
CasamentoExato.java,ds.CasamentoExato,org.pitest.mutationtest.engine.gregor.mutators.RemoveConditionalMutator_EQUAL_IF,forcaBruta,8,NO_COVERAGE,none
CasamentoExato.java,ds.CasamentoExato,org.pitest.mutationtest.engine.gregor.mutators.RemoveConditionalMutator_EQUAL_IF,forcaBruta,9,NO_COVERAGE,none
CasamentoExato.java,ds.CasamentoExato,org.pitest.mutationtest.engine.gregor.mutators.RemoveConditionalMutator_ORDER_ELSE,forcaBruta,6,NO_COVERAGE,none
CasamentoExato.java,ds.CasamentoExato,org.pitest.mutationtest.engine.gregor.mutators.RemoveConditionalMutator_ORDER_ELSE,forcaBruta,8,NO_COVERAGE,none
CasamentoExato.java,ds.CasamentoExato,org.pitest.mutationtest.engine.gregor.mutators.RemoveConditionalMutator_ORDER_IF,forcaBruta,6,NO_COVERAGE,none
CasamentoExato.java,ds.CasamentoExato,org.pitest.mutationtest.engine.gregor.mutators.RemoveConditionalMutator_ORDER_IF,forcaBruta,8,NO_COVERAGE,none
CasamentoExato.java,ds.CasamentoExato,org.pitest.mutationtest.engine.gregor.mutators.VoidMethodCallMutator,forcaBruta,9,NO_COVERAGE,none
CasamentoExato.java,ds.CasamentoExato,org.pitest.mutationtest.engine.gregor.mutators.experimental.NakedReceiverMutator,forcaBruta,9,NO_COVERAGE,none
CasamentoExato.java,ds.CasamentoExato,org.pitest.mutationtest.engine.gregor.mutators.experimental.NakedReceiverMutator,forcaBruta,9,NO_COVERAGE,none
CasamentoExato.java,ds.CasamentoExato,org.pitest.mutationtest.engine.gregor.mutators.experimental.RemoveIncrementsMutator,forcaBruta,8,NO_COVERAGE,none
CasamentoExato.java,ds.CasamentoExato,org.pitest.mutationtest.engine.gregor.mutators.experimental.RemoveIncrementsMutator,forcaBruta,6,NO_COVERAGE,none
CasamentoExato.java,ds.CasamentoExato,org.pitest.mutationtest.engine.gregor.mutators.ConditionalsBoundaryMutator,shiftAndExato,16,NO_COVERAGE,none
CasamentoExato.java,ds.CasamentoExato,org.pitest.mutationtest.engine.gregor.mutators.ConditionalsBoundaryMutator,shiftAndExato,17,NO_COVERAGE,none
CasamentoExato.java,ds.CasamentoExato,org.pitest.mutationtest.engine.gregor.mutators.ConditionalsBoundaryMutator,shiftAndExato,20,NO_COVERAGE,none
CasamentoExato.java,ds.CasamentoExato,org.pitest.mutationtest.engine.gregor.mutators.ConstructorCallMutator,shiftAndExato,23,NO_COVERAGE,none
CasamentoExato.java,ds.CasamentoExato,org.pitest.mutationtest.engine.gregor.mutators.IncrementsMutator,shiftAndExato,16,NO_COVERAGE,none
CasamentoExato.java,ds.CasamentoExato,org.pitest.mutationtest.engine.gregor.mutators.IncrementsMutator,shiftAndExato,17,NO_COVERAGE,none
CasamentoExato.java,ds.CasamentoExato,org.pitest.mutationtest.engine.gregor.mutators.IncrementsMutator,shiftAndExato,20,NO_COVERAGE,none
CasamentoExato.java,ds.CasamentoExato,org.pitest.mutationtest.engine.gregor.mutators.InlineConstantMutator,shiftAndExato,13,NO_COVERAGE,none
CasamentoExato.java,ds.CasamentoExato,org.pitest.mutationtest.engine.gregor.mutators.InlineConstantMutator,shiftAndExato,15,NO_COVERAGE,none
CasamentoExato.java,ds.CasamentoExato,org.pitest.mutationtest.engine.gregor.mutators.InlineConstantMutator,shiftAndExato,16,NO_COVERAGE,none
CasamentoExato.java,ds.CasamentoExato,org.pitest.mutationtest.engine.gregor.mutators.InlineConstantMutator,shiftAndExato,16,NO_COVERAGE,none
CasamentoExato.java,ds.CasamentoExato,org.pitest.mutationtest.engine.gregor.mutators.InlineConstantMutator,shiftAndExato,16,NO_COVERAGE,none
CasamentoExato.java,ds.CasamentoExato,org.pitest.mutationtest.engine.gregor.mutators.InlineConstantMutator,shiftAndExato,17,NO_COVERAGE,none
CasamentoExato.java,ds.CasamentoExato,org.pitest.mutationtest.engine.gregor.mutators.InlineConstantMutator,shiftAndExato,18,NO_COVERAGE,none
CasamentoExato.java,ds.CasamentoExato,org.pitest.mutationtest.engine.gregor.mutators.InlineConstantMutator,shiftAndExato,18,NO_COVERAGE,none
CasamentoExato.java,ds.CasamentoExato,org.pitest.mutationtest.engine.gregor.mutators.InlineConstantMutator,shiftAndExato,20,NO_COVERAGE,none
CasamentoExato.java,ds.CasamentoExato,org.pitest.mutationtest.engine.gregor.mutators.InlineConstantMutator,shiftAndExato,21,NO_COVERAGE,none
CasamentoExato.java,ds.CasamentoExato,org.pitest.mutationtest.engine.gregor.mutators.InlineConstantMutator,shiftAndExato,21,NO_COVERAGE,none
CasamentoExato.java,ds.CasamentoExato,org.pitest.mutationtest.engine.gregor.mutators.InlineConstantMutator,shiftAndExato,21,NO_COVERAGE,none
CasamentoExato.java,ds.CasamentoExato,org.pitest.mutationtest.engine.gregor.mutators.InlineConstantMutator,shiftAndExato,22,NO_COVERAGE,none
CasamentoExato.java,ds.CasamentoExato,org.pitest.mutationtest.engine.gregor.mutators.InlineConstantMutator,shiftAndExato,23,NO_COVERAGE,none
CasamentoExato.java,ds.CasamentoExato,org.pitest.mutationtest.engine.gregor.mutators.MathMutator,shiftAndExato,18,NO_COVERAGE,none
CasamentoExato.java,ds.CasamentoExato,org.pitest.mutationtest.engine.gregor.mutators.MathMutator,shiftAndExato,18,NO_COVERAGE,none
CasamentoExato.java,ds.CasamentoExato,org.pitest.mutationtest.engine.gregor.mutators.MathMutator,shiftAndExato,18,NO_COVERAGE,none
CasamentoExato.java,ds.CasamentoExato,org.pitest.mutationtest.engine.gregor.mutators.MathMutator,shiftAndExato,18,NO_COVERAGE,none
CasamentoExato.java,ds.CasamentoExato,org.pitest.mutationtest.engine.gregor.mutators.MathMutator,shiftAndExato,21,NO_COVERAGE,none
CasamentoExato.java,ds.CasamentoExato,org.pitest.mutationtest.engine.gregor.mutators.MathMutator,shiftAndExato,21,NO_COVERAGE,none
CasamentoExato.java,ds.CasamentoExato,org.pitest.mutationtest.engine.gregor.mutators.MathMutator,shiftAndExato,21,NO_COVERAGE,none
CasamentoExato.java,ds.CasamentoExato,org.pitest.mutationtest.engine.gregor.mutators.MathMutator,shiftAndExato,21,NO_COVERAGE,none
CasamentoExato.java,ds.CasamentoExato,org.pitest.mutationtest.engine.gregor.mutators.MathMutator,shiftAndExato,21,NO_COVERAGE,none
CasamentoExato.java,ds.CasamentoExato,org.pitest.mutationtest.engine.gregor.mutators.MathMutator,shiftAndExato,22,NO_COVERAGE,none
CasamentoExato.java,ds.CasamentoExato,org.pitest.mutationtest.engine.gregor.mutators.MathMutator,shiftAndExato,23,NO_COVERAGE,none
CasamentoExato.java,ds.CasamentoExato,org.pitest.mutationtest.engine.gregor.mutators.MathMutator,shiftAndExato,23,NO_COVERAGE,none
CasamentoExato.java,ds.CasamentoExato,org.pitest.mutationtest.engine.gregor.mutators.NegateConditionalsMutator,shiftAndExato,16,NO_COVERAGE,none
CasamentoExato.java,ds.CasamentoExato,org.pitest.mutationtest.engine.gregor.mutators.NegateConditionalsMutator,shiftAndExato,17,NO_COVERAGE,none
CasamentoExato.java,ds.CasamentoExato,org.pitest.mutationtest.engine.gregor.mutators.NegateConditionalsMutator,shiftAndExato,20,NO_COVERAGE,none
CasamentoExato.java,ds.CasamentoExato,org.pitest.mutationtest.engine.gregor.mutators.NegateConditionalsMutator,shiftAndExato,22,NO_COVERAGE,none
CasamentoExato.java,ds.CasamentoExato,org.pitest.mutationtest.engine.gregor.mutators.NonVoidMethodCallMutator,shiftAndExato,18,NO_COVERAGE,none
CasamentoExato.java,ds.CasamentoExato,org.pitest.mutationtest.engine.gregor.mutators.NonVoidMethodCallMutator,shiftAndExato,18,NO_COVERAGE,none
CasamentoExato.java,ds.CasamentoExato,org.pitest.mutationtest.engine.gregor.mutators.NonVoidMethodCallMutator,shiftAndExato,21,NO_COVERAGE,none
CasamentoExato.java,ds.CasamentoExato,org.pitest.mutationtest.engine.gregor.mutators.NonVoidMethodCallMutator,shiftAndExato,23,NO_COVERAGE,none
CasamentoExato.java,ds.CasamentoExato,org.pitest.mutationtest.engine.gregor.mutators.NonVoidMethodCallMutator,shiftAndExato,23,NO_COVERAGE,none
CasamentoExato.java,ds.CasamentoExato,org.pitest.mutationtest.engine.gregor.mutators.NonVoidMethodCallMutator,shiftAndExato,23,NO_COVERAGE,none
CasamentoExato.java,ds.CasamentoExato,org.pitest.mutationtest.engine.gregor.mutators.RemoveConditionalMutator_EQUAL_ELSE,shiftAndExato,22,NO_COVERAGE,none
CasamentoExato.java,ds.CasamentoExato,org.pitest.mutationtest.engine.gregor.mutators.RemoveConditionalMutator_EQUAL_IF,shiftAndExato,22,NO_COVERAGE,none
CasamentoExato.java,ds.CasamentoExato,org.pitest.mutationtest.engine.gregor.mutators.RemoveConditionalMutator_ORDER_ELSE,shiftAndExato,16,NO_COVERAGE,none
CasamentoExato.java,ds.CasamentoExato,org.pitest.mutationtest.engine.gregor.mutators.RemoveConditionalMutator_ORDER_ELSE,shiftAndExato,17,NO_COVERAGE,none
CasamentoExato.java,ds.CasamentoExato,org.pitest.mutationtest.engine.gregor.mutators.RemoveConditionalMutator_ORDER_ELSE,shiftAndExato,20,NO_COVERAGE,none
CasamentoExato.java,ds.CasamentoExato,org.pitest.mutationtest.engine.gregor.mutators.RemoveConditionalMutator_ORDER_IF,shiftAndExato,16,NO_COVERAGE,none
CasamentoExato.java,ds.CasamentoExato,org.pitest.mutationtest.engine.gregor.mutators.RemoveConditionalMutator_ORDER_IF,shiftAndExato,17,NO_COVERAGE,none
CasamentoExato.java,ds.CasamentoExato,org.pitest.mutationtest.engine.gregor.mutators.RemoveConditionalMutator_ORDER_IF,shiftAndExato,20,NO_COVERAGE,none
CasamentoExato.java,ds.CasamentoExato,org.pitest.mutationtest.engine.gregor.mutators.VoidMethodCallMutator,shiftAndExato,23,NO_COVERAGE,none
CasamentoExato.java,ds.CasamentoExato,org.pitest.mutationtest.engine.gregor.mutators.experimental.NakedReceiverMutator,shiftAndExato,23,NO_COVERAGE,none
CasamentoExato.java,ds.CasamentoExato,org.pitest.mutationtest.engine.gregor.mutators.experimental.NakedReceiverMutator,shiftAndExato,23,NO_COVERAGE,none
